SnapshotDate,Id,UsdValue,Web3Id,FollowerCount,Tvf
07/20/2023 03:00:00,0xbdfa4f4492dd7b7cf211209c4791af8d52bf5c50,19864760.962583,Ethereum,45600,720730787.947361
07/20/2023 03:00:00,0x9c5083dd4838e120dbeac44c052179692aa5dac5,23887145.293876,PennilessWassie,39876,729182619.559452
07/20/2023 03:00:00,0x50664ede715e131f584d3e7eaabd7818bb20a068,23899785.743271,YFImaxi,31531,504603771.227414
07/20/2023 03:00:00,0xc1e42f862d202b4a0ed552c1145735ee088f6ccf,414520.319407,vitalik,28141,393810557.502147
07/20/2023 03:00:00,0x66b870ddf78c975af5cd8edc6de25eca81791de1,5693363.444336,a16z,27425,612863802.334358
07/20/2023 03:00:00,0xef764bac8a438e7e498c2e5fccf0f174c3e3f8db,27630062.756213,blurr,24925,484920145.788594
07/20/2023 03:00:00,0x7bfee91193d9df2ac0bfe90191d40f23c773c060,21541835.140596,an0n,21434,575717131.941961
07/20/2023 03:00:00,0x26fcbd3afebbe28d0a8684f790c48368d21665b5,21820393.313386,EverydayWhale,21079,408275384.712031
07/20/2023 03:00:00,0xb72ed8401892466ea8af528c1af1d0524bc5e105,732363.165071,Gekko,20579,349475497.114371
07/20/2023 03:00:00,0x3ec6732676db7996c1b34e64b0503f941025cb63,5079474.823405,FOMO,18472,248755537.657033
07/25/2023 00:00:00,0xbdfa4f4492dd7b7cf211209c4791af8d52bf5c50,19329978.925249,Ethereum,48236,742542040.710857
07/25/2023 00:00:00,0x9c5083dd4838e120dbeac44c052179692aa5dac5,22530004.02152,PennilessWassie,41366,743408214.574992
07/25/2023 00:00:00,0x66b870ddf78c975af5cd8edc6de25eca81791de1,34099831.883626,a16z,34160,646321599.02399
07/25/2023 00:00:00,0x50664ede715e131f584d3e7eaabd7818bb20a068,23057877.933622,YFImaxi,32827,525614383.853005
07/25/2023 00:00:00,0xc1e42f862d202b4a0ed552c1145735ee088f6ccf,393143.968551,vitalik,28337,424732560.970041
07/25/2023 00:00:00,0xef764bac8a438e7e498c2e5fccf0f174c3e3f8db,26792039.537887,blurr,27479,480277971.85599
07/25/2023 00:00:00,0x7bfee91193d9df2ac0bfe90191d40f23c773c060,20794341.166049,an0n,25661,602367948.710588
07/25/2023 00:00:00,0xb72ed8401892466ea8af528c1af1d0524bc5e105,706941.358126,Gekko,25258,396712702.330284
07/25/2023 00:00:00,0x26fcbd3afebbe28d0a8684f790c48368d21665b5,20989263.827778,EverydayWhale,23467,442424998.829609
07/25/2023 00:00:00,0x14ff0bc9417b6796f79768729002a793b51205b8,624448.921022,defigen,23190,315338526.660758
08/08/2023 00:00:00,0xbdfa4f4492dd7b7cf211209c4791af8d52bf5c50,18281289.91147,Ethereum,51697,731250766.593591
08/08/2023 00:00:00,0x9c5083dd4838e120dbeac44c052179692aa5dac5,23287763.388977,PennilessWassie,43125,707005231.640905
08/08/2023 00:00:00,0x66b870ddf78c975af5cd8edc6de25eca81791de1,5649787.851549,a16z,43058,662165270.714387
08/08/2023 00:00:00,0x50664ede715e131f584d3e7eaabd7818bb20a068,22480880.492974,YFImaxi,34787,488481016.121319
08/08/2023 00:00:00,0xef764bac8a438e7e498c2e5fccf0f174c3e3f8db,27273018.293588,blurr,31822,487677751.659666
08/08/2023 00:00:00,0x7bfee91193d9df2ac0bfe90191d40f23c773c060,20527504.695288,an0n,31051,615468347.039695
08/08/2023 00:00:00,0xb72ed8401892466ea8af528c1af1d0524bc5e105,725269.184766,Gekko,30732,422908109.571158
08/08/2023 00:00:00,0x14ff0bc9417b6796f79768729002a793b51205b8,559707.377817,defigen,30116,362624329.511906
08/08/2023 00:00:00,0xc1e42f862d202b4a0ed552c1145735ee088f6ccf,381085.282334,vitalik,28607,359405426.829204
08/08/2023 00:00:00,0x26fcbd3afebbe28d0a8684f790c48368d21665b5,20143315.247481,EverydayWhale,27679,409106783.77804
08/15/2023 00:00:00,0xbdfa4f4492dd7b7cf211209c4791af8d52bf5c50,18306967.459636,Ethereum,52787,740307715.961785
08/15/2023 00:00:00,0x66b870ddf78c975af5cd8edc6de25eca81791de1,12287078.190869,a16z,45155,671280385.600346
08/15/2023 00:00:00,0x9c5083dd4838e120dbeac44c052179692aa5dac5,23452478.076051,PennilessWassie,43787,688352805.411276
08/15/2023 00:00:00,0x50664ede715e131f584d3e7eaabd7818bb20a068,22601433.447529,YFImaxi,35370,485194271.634258
08/15/2023 00:00:00,0x7bfee91193d9df2ac0bfe90191d40f23c773c060,20901675.381919,an0n,34225,679196241.081568
08/15/2023 00:00:00,0xef764bac8a438e7e498c2e5fccf0f174c3e3f8db,28197698.329403,blurr,33328,485203904.540726
08/15/2023 00:00:00,0xb72ed8401892466ea8af528c1af1d0524bc5e105,739750.207337,Gekko,32861,431198327.036759
08/15/2023 00:00:00,0x14ff0bc9417b6796f79768729002a793b51205b8,565816.728245,defigen,32103,378907606.239438
08/15/2023 00:00:00,0x26fcbd3afebbe28d0a8684f790c48368d21665b5,20384558.669931,EverydayWhale,29216,400411761.634136
08/15/2023 00:00:00,0xc1e42f862d202b4a0ed552c1145735ee088f6ccf,372422.149369,vitalik,28698,365901427.496657
08/29/2023 00:00:00,0xbdfa4f4492dd7b7cf211209c4791af8d52bf5c50,16362698.052069,Ethereum,53692,723073135.801568
08/29/2023 00:00:00,0x0228028a0c92cfd9743e561a96b16edbb4606054,1134986.814435,QUID,49475,631623237.645135
08/29/2023 00:00:00,0x66b870ddf78c975af5cd8edc6de25eca81791de1,20618897.143102,a16z,47770,644712893.970604
08/29/2023 00:00:00,0x9c5083dd4838e120dbeac44c052179692aa5dac5,18863297.48517,PennilessWassie,44123,616400800.691121
08/29/2023 00:00:00,0x7bfee91193d9df2ac0bfe90191d40f23c773c060,19534693.099887,an0n,36472,638356309.021109
08/29/2023 00:00:00,0x50664ede715e131f584d3e7eaabd7818bb20a068,20300555.683758,YFImaxi,35764,433813284.125555
08/29/2023 00:00:00,0xb72ed8401892466ea8af528c1af1d0524bc5e105,672506.907426,Gekko,34718,394575251.916593
08/29/2023 00:00:00,0xef764bac8a438e7e498c2e5fccf0f174c3e3f8db,26804531.75204,blurr,34614,441387633.298333
08/29/2023 00:00:00,0x14ff0bc9417b6796f79768729002a793b51205b8,526242.394662,defigen,33731,341734058.268593
08/29/2023 00:00:00,0x26fcbd3afebbe28d0a8684f790c48368d21665b5,17913986.979082,EverydayWhale,29935,383190757.08268
09/08/2023 00:00:00,0xbdfa4f4492dd7b7cf211209c4791af8d52bf5c50,16749918.057963,Ethereum,54131,727756003.577755
09/08/2023 00:00:00,0x0228028a0c92cfd9743e561a96b16edbb4606054,1103544.467284,QUID,50167,642427476.652714
09/08/2023 00:00:00,0x66b870ddf78c975af5cd8edc6de25eca81791de1,32603853.002835,a16z,49360,639579706.593818
09/08/2023 00:00:00,0x9c5083dd4838e120dbeac44c052179692aa5dac5,17981061.836214,PennilessWassie,44321,603790422.747898
09/08/2023 00:00:00,0x7bfee91193d9df2ac0bfe90191d40f23c773c060,19586264.863729,an0n,37386,637538079.871012
09/08/2023 00:00:00,0x50664ede715e131f584d3e7eaabd7818bb20a068,13064047.112558,YFImaxi,35908,412412983.133411
09/08/2023 00:00:00,0xb72ed8401892466ea8af528c1af1d0524bc5e105,659968.231575,Gekko,35373,390126104.771205
09/08/2023 00:00:00,0xef764bac8a438e7e498c2e5fccf0f174c3e3f8db,26583912.337938,blurr,35084,430487294.95939
09/08/2023 00:00:00,0x14ff0bc9417b6796f79768729002a793b51205b8,460005.564779,defigen,34767,341048861.846527
09/08/2023 00:00:00,0x26fcbd3afebbe28d0a8684f790c48368d21665b5,17392515.614115,EverydayWhale,30234,365419076.09963
09/22/2023 00:00:00,0xbdfa4f4492dd7b7cf211209c4791af8d52bf5c50,17632928.910045,Ethereum,54828,744574225.003483
09/22/2023 00:00:00,0x66b870ddf78c975af5cd8edc6de25eca81791de1,37474198.618745,a16z,50816,670364935.489014
09/22/2023 00:00:00,0x0228028a0c92cfd9743e561a96b16edbb4606054,717421.635282,QUID,50500,660311249.907619
09/22/2023 00:00:00,0x9c5083dd4838e120dbeac44c052179692aa5dac5,17465974.149988,PennilessWassie,44378,599004471.92825
09/22/2023 00:00:00,0x7bfee91193d9df2ac0bfe90191d40f23c773c060,17759202.53489,an0n,38107,655517229.535834
09/22/2023 00:00:00,0xb72ed8401892466ea8af528c1af1d0524bc5e105,642981.681853,Gekko,36184,400867140.854648
09/22/2023 00:00:00,0x50664ede715e131f584d3e7eaabd7818bb20a068,14834783.769236,YFImaxi,35896,398220313.82469
09/22/2023 00:00:00,0x14ff0bc9417b6796f79768729002a793b51205b8,455629.065503,defigen,35473,355837073.645035
09/22/2023 00:00:00,0xef764bac8a438e7e498c2e5fccf0f174c3e3f8db,20419258.230303,blurr,35311,460374958.591121
09/22/2023 00:00:00,0x26fcbd3afebbe28d0a8684f790c48368d21665b5,16636762.670573,EverydayWhale,30526,383193191.274053
10/01/2023 00:00:00,0xbdfa4f4492dd7b7cf211209c4791af8d52bf5c50,18499697.579258,Ethereum,55056,755224656.257923
10/01/2023 00:00:00,0x66b870ddf78c975af5cd8edc6de25eca81791de1,36726005.689055,a16z,51310,721991579.788872
10/01/2023 00:00:00,0x0228028a0c92cfd9743e561a96b16edbb4606054,537054.882264,QUID,50596,674451757.64817
10/01/2023 00:00:00,0x9c5083dd4838e120dbeac44c052179692aa5dac5,19151724.26891,PennilessWassie,44340,604642251.28199
10/01/2023 00:00:00,0x7bfee91193d9df2ac0bfe90191d40f23c773c060,19693966.093062,an0n,38511,722543378.186081
10/01/2023 00:00:00,0xb72ed8401892466ea8af528c1af1d0524bc5e105,627006.488429,Gekko,36495,430187434.114041
10/01/2023 00:00:00,0x50664ede715e131f584d3e7eaabd7818bb20a068,15783945.007093,YFImaxi,35843,408027140.25112
10/01/2023 00:00:00,0x14ff0bc9417b6796f79768729002a793b51205b8,460161.52164,defigen,35751,381818051.690592
10/01/2023 00:00:00,0xef764bac8a438e7e498c2e5fccf0f174c3e3f8db,29194279.841428,blurr,35354,469301459.120257
10/01/2023 00:00:00,0xc1e42f862d202b4a0ed552c1145735ee088f6ccf,378956.670003,vitalik,30754,377213985.575721
10/08/2023 00:00:00,0xbdfa4f4492dd7b7cf211209c4791af8d52bf5c50,18575527.038804,Ethereum,55237,723802132.024951
10/08/2023 00:00:00,0x66b870ddf78c975af5cd8edc6de25eca81791de1,39490607.931274,a16z,51350,598511228.143082
10/08/2023 00:00:00,0x0228028a0c92cfd9743e561a96b16edbb4606054,547160.799355,QUID,50586,666212844.586496
10/08/2023 00:00:00,0x9c5083dd4838e120dbeac44c052179692aa5dac5,19238783.402332,PennilessWassie,44292,600291658.514197
10/08/2023 00:00:00,0x7bfee91193d9df2ac0bfe90191d40f23c773c060,19421413.67774,an0n,38786,623766652.185901
10/08/2023 00:00:00,0xb72ed8401892466ea8af528c1af1d0524bc5e105,611126.317344,Gekko,36832,431140819.788887
10/08/2023 00:00:00,0x14ff0bc9417b6796f79768729002a793b51205b8,452348.499589,defigen,35864,389427876.073794
10/08/2023 00:00:00,0x50664ede715e131f584d3e7eaabd7818bb20a068,15176543.960727,YFImaxi,35820,402906067.669229
10/08/2023 00:00:00,0xef764bac8a438e7e498c2e5fccf0f174c3e3f8db,29300037.345324,blurr,35377,461816372.352313
10/08/2023 00:00:00,0xc1e42f862d202b4a0ed552c1145735ee088f6ccf,361324.882334,vitalik,30777,373744276.015289
10/15/2023 00:00:00,0xbdfa4f4492dd7b7cf211209c4791af8d52bf5c50,17775056.721522,Ethereum,55374,685649366.859678
10/15/2023 00:00:00,0x66b870ddf78c975af5cd8edc6de25eca81791de1,31259064.505602,a16z,51419,505287406.9224
10/15/2023 00:00:00,0x0228028a0c92cfd9743e561a96b16edbb4606054,418000.66827,QUID,50589,620819001.805754
10/15/2023 00:00:00,0x9c5083dd4838e120dbeac44c052179692aa5dac5,18824358.860245,PennilessWassie,44259,562947709.423655
10/15/2023 00:00:00,0x7bfee91193d9df2ac0bfe90191d40f23c773c060,18877007.535866,an0n,43876,660026576.776789
10/15/2023 00:00:00,0xb72ed8401892466ea8af528c1af1d0524bc5e105,632387.109683,Gekko,37090,412549432.322241
10/15/2023 00:00:00,0x14ff0bc9417b6796f79768729002a793b51205b8,438021.704999,defigen,35879,369644927.40133
10/15/2023 00:00:00,0x50664ede715e131f584d3e7eaabd7818bb20a068,14595978.494048,YFImaxi,35803,378161644.36146
10/15/2023 00:00:00,0xef764bac8a438e7e498c2e5fccf0f174c3e3f8db,29052073.196122,blurr,35434,437126957.926293
10/15/2023 00:00:00,0xc1e42f862d202b4a0ed552c1145735ee088f6ccf,343686.853364,vitalik,30811,343716823.846655
11/01/2023 00:00:00,0xbdfa4f4492dd7b7cf211209c4791af8d52bf5c50,21196417.08696,Ethereum,57621,886586514.801476
11/01/2023 00:00:00,0x66b870ddf78c975af5cd8edc6de25eca81791de1,1560262.994356,a16z,51781,639089612.267545
11/01/2023 00:00:00,0x0228028a0c92cfd9743e561a96b16edbb4606054,742096.263267,QUID,50948,740015101.015959
11/01/2023 00:00:00,0x9c5083dd4838e120dbeac44c052179692aa5dac5,20746744.547049,PennilessWassie,44262,644668862.27525
11/01/2023 00:00:00,0x7bfee91193d9df2ac0bfe90191d40f23c773c060,20947732.971007,an0n,43829,801747106.577555
11/01/2023 00:00:00,0xb72ed8401892466ea8af528c1af1d0524bc5e105,721359.633965,Gekko,38160,581257847.509954
11/01/2023 00:00:00,0x14ff0bc9417b6796f79768729002a793b51205b8,489536.443545,defigen,36150,520818444.072194
11/01/2023 00:00:00,0x50664ede715e131f584d3e7eaabd7818bb20a068,14376263.296947,YFImaxi,35778,439139669.49264
11/01/2023 00:00:00,0xef764bac8a438e7e498c2e5fccf0f174c3e3f8db,28656225.594189,blurr,35650,593324446.136559
11/01/2023 00:00:00,0xc1e42f862d202b4a0ed552c1145735ee088f6ccf,414883.125487,vitalik,31517,439216576.238269
11/08/2023 00:00:00,0xbdfa4f4492dd7b7cf211209c4791af8d52bf5c50,23380867.144383,Ethereum,57861,941300675.423057
11/08/2023 00:00:00,0x66b870ddf78c975af5cd8edc6de25eca81791de1,12098553.850887,a16z,51944,673479558.354776
11/08/2023 00:00:00,0x0228028a0c92cfd9743e561a96b16edbb4606054,888014.348636,QUID,51077,808111459.860744
11/08/2023 00:00:00,0x9c5083dd4838e120dbeac44c052179692aa5dac5,18876847.770242,PennilessWassie,44275,683743726.852228
11/08/2023 00:00:00,0x7bfee91193d9df2ac0bfe90191d40f23c773c060,21488937.072799,an0n,44147,857689299.906614
11/08/2023 00:00:00,0xb72ed8401892466ea8af528c1af1d0524bc5e105,781770.941698,Gekko,38558,613010778.375844
11/08/2023 00:00:00,0x14ff0bc9417b6796f79768729002a793b51205b8,527458.662775,defigen,36216,545488899.107263
11/08/2023 00:00:00,0x50664ede715e131f584d3e7eaabd7818bb20a068,15480050.478809,YFImaxi,35795,463499560.19452
11/08/2023 00:00:00,0xef764bac8a438e7e498c2e5fccf0f174c3e3f8db,28933655.11912,blurr,35747,626557685.848616
11/08/2023 00:00:00,0xc1e42f862d202b4a0ed552c1145735ee088f6ccf,454473.725862,vitalik,31699,477365863.083765
11/22/2023 00:00:00,0xbdfa4f4492dd7b7cf211209c4791af8d52bf5c50,24603266.46718,Ethereum,58980,1018931590.867262
11/22/2023 00:00:00,0x0228028a0c92cfd9743e561a96b16edbb4606054,1173719.032052,QUID,52499,842613155.590934
11/22/2023 00:00:00,0x66b870ddf78c975af5cd8edc6de25eca81791de1,89548.081084,a16z,52124,701617675.281556
11/22/2023 00:00:00,0x7bfee91193d9df2ac0bfe90191d40f23c773c060,22218316.56553,an0n,44654,909644135.733748
11/22/2023 00:00:00,0x9c5083dd4838e120dbeac44c052179692aa5dac5,19394293.641702,PennilessWassie,44250,712287865.089939
11/22/2023 00:00:00,0xb72ed8401892466ea8af528c1af1d0524bc5e105,812166.34334,Gekko,39221,658867762.351524
11/22/2023 00:00:00,0x14ff0bc9417b6796f79768729002a793b51205b8,503375.739983,defigen,36398,583426942.428234
11/22/2023 00:00:00,0xef764bac8a438e7e498c2e5fccf0f174c3e3f8db,29936615.765719,blurr,35871,678797495.314895
11/22/2023 00:00:00,0x9d17bb55b57b31329cf01aa7017948e398b277bc,96908.932849,nerd,35766,1009576235.661232
11/22/2023 00:00:00,0x50664ede715e131f584d3e7eaabd7818bb20a068,12951659.519375,YFImaxi,35760,477330841.10397
12/15/2023 00:00:00,0xbdfa4f4492dd7b7cf211209c4791af8d52bf5c50,29340550.241975,Ethereum,59585,1133177675.322399
12/15/2023 00:00:00,0x0228028a0c92cfd9743e561a96b16edbb4606054,1421462.857111,QUID,52756,937812233.146034
12/15/2023 00:00:00,0x66b870ddf78c975af5cd8edc6de25eca81791de1,65620.41141,a16z,52154,776566905.137575
12/15/2023 00:00:00,0x7bfee91193d9df2ac0bfe90191d40f23c773c060,25250797.508562,an0n,46073,1030197779.679834
12/15/2023 00:00:00,0x9c5083dd4838e120dbeac44c052179692aa5dac5,24820275.736172,PennilessWassie,44309,825978925.940651
12/15/2023 00:00:00,0xb72ed8401892466ea8af528c1af1d0524bc5e105,964438.895876,Gekko,39960,750841701.327707
12/15/2023 00:00:00,0x9d17bb55b57b31329cf01aa7017948e398b277bc,119935.701129,nerd,37858,1165280303.44824
12/15/2023 00:00:00,0x14ff0bc9417b6796f79768729002a793b51205b8,579691.655131,defigen,36628,690144581.397618
12/15/2023 00:00:00,0xef764bac8a438e7e498c2e5fccf0f174c3e3f8db,21514803.07243,blurr,36017,759999257.532055
12/15/2023 00:00:00,0x50664ede715e131f584d3e7eaabd7818bb20a068,19868671.348225,YFImaxi,35795,556869390.059172
01/01/2024 00:00:00,0xbdfa4f4492dd7b7cf211209c4791af8d52bf5c50,30092080.440558,Ethereum,59900,1200424084.679394
01/01/2024 00:00:00,0x0228028a0c92cfd9743e561a96b16edbb4606054,1409028.540007,QUID,52956,987893886.013876
01/01/2024 00:00:00,0x66b870ddf78c975af5cd8edc6de25eca81791de1,40438.423757,a16z,52235,839535678.225089
01/01/2024 00:00:00,0x7bfee91193d9df2ac0bfe90191d40f23c773c060,24143281.369317,an0n,46804,1105343450.189722
01/01/2024 00:00:00,0x9c5083dd4838e120dbeac44c052179692aa5dac5,23109960.295981,PennilessWassie,44353,889498517.614148
01/01/2024 00:00:00,0xb72ed8401892466ea8af528c1af1d0524bc5e105,998194.790581,Gekko,40256,819440150.508009
01/01/2024 00:00:00,0x9d17bb55b57b31329cf01aa7017948e398b277bc,136312.884413,nerd,37250,1216971945.735399
01/01/2024 00:00:00,0x14ff0bc9417b6796f79768729002a793b51205b8,606832.901743,defigen,36731,757535382.354394
01/01/2024 00:00:00,0xef764bac8a438e7e498c2e5fccf0f174c3e3f8db,23924133.516403,blurr,36061,812865277.285137
01/01/2024 00:00:00,0x50664ede715e131f584d3e7eaabd7818bb20a068,18788452.227292,YFImaxi,35838,600849679.669327
